{
    "Profiles": [
        {
            "Horizontal Spacing" : 1,
            "Tags" : [
          
            ],
            "Ansi 12 Color" : {
              "Red Component" : 0.49400871992111206,
              "Color Space" : "sRGB",
              "Blue Component" : 0.78158527612686157,
              "Alpha Component" : 1,
              "Green Component" : 0.66577816009521484
            },
            "Ansi 7 Color" : {
              "Red Component" : 0.85050994157791138,
              "Color Space" : "sRGB",
              "Blue Component" : 0.85051912069320679,
              "Alpha Component" : 1,
              "Green Component" : 0.85052990913391113
            },
            "Ansi 8 Color" : {
              "Red Component" : 0.3872452974319458,
              "Color Space" : "sRGB",
              "Blue Component" : 0.38724979758262634,
              "Alpha Component" : 1,
              "Green Component" : 0.38725507259368896
            },
            "Bold Color" : {
              "Red Component" : 0.85050994157791138,
              "Color Space" : "sRGB",
              "Blue Component" : 0.85051912069320679,
              "Alpha Component" : 1,
              "Green Component" : 0.85052990913391113
            },
            "Ansi 9 Color" : {
              "Red Component" : 0.73701304197311401,
              "Color Space" : "sRGB",
              "Blue Component" : 0.32653939723968506,
              "Alpha Component" : 1,
              "Green Component" : 0.33781808614730835
            },
            "Ansi 4 Color" : {
              "Red Component" : 0.4151701033115387,
              "Color Space" : "sRGB",
              "Blue Component" : 0.598846435546875,
              "Alpha Component" : 1,
              "Green Component" : 0.52850228548049927
            },
            "Ansi 5 Color" : {
              "Red Component" : 0.69086837768554688,
              "Color Space" : "sRGB",
              "Blue Component" : 0.5943102240562439,
              "Alpha Component" : 1,
              "Green Component" : 0.39817756414413452
            },
            "Rows" : 40,
            "Default Bookmark" : "No",
            "Automatically Log" : false,
            "Cursor Guide Color" : {
              "Red Component" : 0.70213186740875244,
              "Color Space" : "sRGB",
              "Blue Component" : 1,
              "Alpha Component" : 0.25,
              "Green Component" : 0.9268307089805603
            },
            "Non-ASCII Anti Aliased" : true,
            "Use Bright Bold" : true,
            "Ansi 10 Color" : {
              "Red Component" : 0.62717646360397339,
              "Color Space" : "sRGB",
              "Blue Component" : 0.46547874808311462,
              "Alpha Component" : 1,
              "Green Component" : 0.67388916015625
            },
            "Icon" : 1,
            "Ambiguous Double Width" : false,
            "Jobs to Ignore" : [
              "rlogin",
              "ssh",
              "slogin",
              "telnet"
            ],
            "Ansi 15 Color" : {
              "Red Component" : 0.96881216764450073,
              "Color Space" : "sRGB",
              "Blue Component" : 0.96882253885269165,
              "Alpha Component" : 1,
              "Green Component" : 0.96883469820022583
            },
            "Foreground Color" : {
              "Red Component" : 0.85050994157791138,
              "Color Space" : "sRGB",
              "Blue Component" : 0.85051912069320679,
              "Alpha Component" : 1,
              "Green Component" : 0.85052990913391113
            },
            "Working Directory" : "\/Users\/sky",
            "Blinking Cursor" : false,
            "Disable Window Resizing" : true,
            "Sync Title" : false,
            "Prompt Before Closing 2" : false,
            "BM Growl" : true,
            "Command" : "",
            "Description" : "Default",
            "Mouse Reporting" : true,
            "Screen" : -1,
            "Selection Color" : {
              "Red Component" : 0.41640311479568481,
              "Color Space" : "sRGB",
              "Blue Component" : 0.5211181640625,
              "Alpha Component" : 1,
              "Green Component" : 0.4745735228061676
            },
            "Columns" : 125,
            "Idle Code" : 0,
            "Ansi 13 Color" : {
              "Red Component" : 0.69086837768554688,
              "Color Space" : "sRGB",
              "Blue Component" : 0.5943102240562439,
              "Alpha Component" : 1,
              "Green Component" : 0.39817756414413452
            },
            "Custom Command" : "No",
            "ASCII Anti Aliased" : true,
            "Non Ascii Font" : "Monaco 12",
            "Vertical Spacing" : 1,
            "Use Bold Font" : true,
            "Option Key Sends" : 0,
            "Selected Text Color" : {
              "Red Component" : 0.85050994157791138,
              "Color Space" : "sRGB",
              "Blue Component" : 0.85051912069320679,
              "Alpha Component" : 1,
              "Green Component" : 0.85052990913391113
            },
            "Background Color" : {
              "Red Component" : 0.20750144124031067,
              "Color Space" : "sRGB",
              "Blue Component" : 0.26528763771057129,
              "Alpha Component" : 1,
              "Green Component" : 0.228435218334198
            },
            "Character Encoding" : 4,
            "Ansi 11 Color" : {
              "Red Component" : 0.92155331373214722,
              "Color Space" : "sRGB",
              "Blue Component" : 0.47770875692367554,
              "Alpha Component" : 1,
              "Green Component" : 0.75726079940795898
            },
            "Use Italic Font" : true,
            "Unlimited Scrollback" : true,
            "Keyboard Map" : {
              "0xf728-0x80000" : {
                "Text" : "d",
                "Action" : 10
              },
              "0xf702-0x280000" : {
                "Text" : "b",
                "Action" : 10
              },
              "0xf70d-0x20000" : {
                "Text" : "[21;2~",
                "Action" : 10
              },
              "0x7f-0x80000" : {
                "Text" : "0x1b 0x7f",
                "Action" : 11
              },
              "0xf708-0x20000" : {
                "Text" : "[15;2~",
                "Action" : 10
              },
              "0x33-0x40000" : {
                "Text" : "0x1b",
                "Action" : 11
              },
              "0xf703-0x260000" : {
                "Text" : "[1;6C",
                "Action" : 10
              },
              "0xf729-0x20000" : {
                "Text" : "[1;2H",
                "Action" : 10
              },
              "0xf702-0x260000" : {
                "Text" : "[1;6D",
                "Action" : 10
              },
              "0x38-0x40000" : {
                "Text" : "0x7f",
                "Action" : 11
              },
              "0xf72b-0x40000" : {
                "Text" : "[1;5F",
                "Action" : 10
              },
              "0xf70c-0x20000" : {
                "Text" : "[20;2~",
                "Action" : 10
              },
              "0xf701-0x260000" : {
                "Text" : "[1;6B",
                "Action" : 10
              },
              "0x32-0x40000" : {
                "Text" : "0x00",
                "Action" : 11
              },
              "0xf707-0x20000" : {
                "Text" : "[1;2S",
                "Action" : 10
              },
              "0xf703-0x240000" : {
                "Text" : "[1;5C",
                "Action" : 10
              },
              "0xf700-0x260000" : {
                "Text" : "[1;6A",
                "Action" : 10
              },
              "0xf702-0x240000" : {
                "Text" : "[1;5D",
                "Action" : 10
              },
              "0xf703-0x300000" : {
                "Text" : "0x5",